"month","survival_probability","lower_95","upper_95","churn_probability","cumulative_hazard"
3,0.913861655600007,0.907275249359623,0.920495876158256,0.0861383443999927,0.0900760804722501
6,0.885012723302917,0.877459460987817,0.892631004885728,0.114987276697083,0.122153257464085
12,0.843436812183923,0.834689938243917,0.852275346272466,0.156563187816077,0.170270291261605
24,0.788958331968505,0.778822614284013,0.799225957447013,0.211041668031495,0.237041770724099
36,0.748756039588841,0.737587728432748,0.760093457644726,0.251243960411159,0.289342063356174
